program,iter,time_s,wall_s,parsed_from_stdout,cpu_set
baseline,0,0.538000000,0.540641278,1,"0,1,2,3"
prio,0,0.489000000,0.491621268,1,"0,1,2,3"
baseline,1,0.533000000,0.535932503,1,"0,1,2,3"
prio,1,0.481000000,0.483885628,1,"0,1,2,3"
baseline,2,0.518000000,0.521237653,1,"0,1,2,3"
prio,2,0.482000000,0.484655225,1,"0,1,2,3"
baseline,3,0.542000000,0.544883297,1,"0,1,2,3"
prio,3,0.488000000,0.490562986,1,"0,1,2,3"
baseline,4,0.536000000,0.539065826,1,"0,1,2,3"
prio,4,0.475000000,0.477707408,1,"0,1,2,3"
baseline,5,0.533000000,0.535980201,1,"0,1,2,3"
prio,5,0.495000000,0.497784018,1,"0,1,2,3"
baseline,6,0.543000000,0.546140706,1,"0,1,2,3"
prio,6,0.487000000,0.490422185,1,"0,1,2,3"
baseline,7,0.512000000,0.515270813,1,"0,1,2,3"
prio,7,0.491000000,0.493469386,1,"0,1,2,3"
baseline,8,0.539000000,0.541693580,1,"0,1,2,3"
prio,8,0.498000000,0.500694781,1,"0,1,2,3"
baseline,9,0.543000000,0.545962500,1,"0,1,2,3"
prio,9,0.495000000,0.498100213,1,"0,1,2,3"
baseline,10,0.500000000,0.503395626,1,"0,1,2,3"
prio,10,0.501000000,0.504499967,1,"0,1,2,3"
baseline,11,0.505000000,0.508642664,1,"0,1,2,3"
prio,11,0.496000000,0.499012098,1,"0,1,2,3"
baseline,12,0.538000000,0.541312133,1,"0,1,2,3"
prio,12,0.485000000,0.488370178,1,"0,1,2,3"
baseline,13,0.532000000,0.535414865,1,"0,1,2,3"
prio,13,0.485000000,0.488308325,1,"0,1,2,3"
baseline,14,0.502000000,0.505111624,1,"0,1,2,3"
prio,14,0.488000000,0.490691681,1,"0,1,2,3"
baseline,15,0.500000000,0.503274434,1,"0,1,2,3"
prio,15,0.489000000,0.492317490,1,"0,1,2,3"
baseline,16,0.536000000,0.539024998,1,"0,1,2,3"
prio,16,0.479000000,0.482182193,1,"0,1,2,3"
baseline,17,0.526000000,0.529374206,1,"0,1,2,3"
prio,17,0.489000000,0.491817276,1,"0,1,2,3"
baseline,18,0.500000000,0.503171546,1,"0,1,2,3"
prio,18,0.478000000,0.481397339,1,"0,1,2,3"
baseline,19,0.540000000,0.543681184,1,"0,1,2,3"
prio,19,0.480000000,0.483039214,1,"0,1,2,3"
baseline,20,0.542000000,0.545234606,1,"0,1,2,3"
prio,20,0.479000000,0.482139812,1,"0,1,2,3"
baseline,21,0.511000000,0.514368231,1,"0,1,2,3"
prio,21,0.483000000,0.486237865,1,"0,1,2,3"
baseline,22,0.531000000,0.533761449,1,"0,1,2,3"
prio,22,0.479000000,0.481861944,1,"0,1,2,3"
baseline,23,0.530000000,0.533345495,1,"0,1,2,3"
prio,23,0.480000000,0.483025882,1,"0,1,2,3"
baseline,24,0.524000000,0.527160454,1,"0,1,2,3"
prio,24,0.496000000,0.499067582,1,"0,1,2,3"
baseline,25,0.515000000,0.517892501,1,"0,1,2,3"
prio,25,0.494000000,0.497279344,1,"0,1,2,3"
baseline,26,0.537000000,0.539885763,1,"0,1,2,3"
prio,26,0.484000000,0.487435225,1,"0,1,2,3"
baseline,27,0.504000000,0.507300038,1,"0,1,2,3"
prio,27,0.476000000,0.479258547,1,"0,1,2,3"
baseline,28,0.534000000,0.536538142,1,"0,1,2,3"
prio,28,0.484000000,0.486741026,1,"0,1,2,3"
baseline,29,0.532000000,0.534591510,1,"0,1,2,3"
prio,29,0.483000000,0.486391304,1,"0,1,2,3"
baseline,30,0.518000000,0.521144259,1,"0,1,2,3"
prio,30,0.482000000,0.484686362,1,"0,1,2,3"
baseline,31,0.520000000,0.523433344,1,"0,1,2,3"
prio,31,0.489000000,0.492668987,1,"0,1,2,3"
baseline,32,0.540000000,0.542409665,1,"0,1,2,3"
prio,32,0.488000000,0.490648392,1,"0,1,2,3"
baseline,33,0.536000000,0.538343232,1,"0,1,2,3"
prio,33,0.483000000,0.485864576,1,"0,1,2,3"
baseline,34,0.550000000,0.553040888,1,"0,1,2,3"
prio,34,0.492000000,0.495344624,1,"0,1,2,3"
baseline,35,0.530000000,0.532392649,1,"0,1,2,3"
prio,35,0.479000000,0.481548532,1,"0,1,2,3"
baseline,36,0.512000000,0.514689668,1,"0,1,2,3"
prio,36,0.495000000,0.497940476,1,"0,1,2,3"
baseline,37,0.546000000,0.548426211,1,"0,1,2,3"
prio,37,0.488000000,0.491094094,1,"0,1,2,3"
baseline,38,0.546000000,0.548535778,1,"0,1,2,3"
prio,38,0.478000000,0.480558771,1,"0,1,2,3"
baseline,39,0.508000000,0.510916366,1,"0,1,2,3"
prio,39,0.486000000,0.488666405,1,"0,1,2,3"
baseline,40,0.510000000,0.512846390,1,"0,1,2,3"
prio,40,0.487000000,0.490033386,1,"0,1,2,3"
baseline,41,0.527000000,0.530367178,1,"0,1,2,3"
prio,41,0.499000000,0.501809244,1,"0,1,2,3"
baseline,42,0.535000000,0.538061941,1,"0,1,2,3"
prio,42,0.500000000,0.503175684,1,"0,1,2,3"
baseline,43,0.521000000,0.523758934,1,"0,1,2,3"
prio,43,0.485000000,0.488529993,1,"0,1,2,3"
baseline,44,0.544000000,0.546476705,1,"0,1,2,3"
prio,44,0.478000000,0.481284593,1,"0,1,2,3"
baseline,45,0.534000000,0.537066375,1,"0,1,2,3"
prio,45,0.479000000,0.481665233,1,"0,1,2,3"
baseline,46,0.540000000,0.542968209,1,"0,1,2,3"
prio,46,0.481000000,0.484599448,1,"0,1,2,3"
baseline,47,0.545000000,0.548038961,1,"0,1,2,3"
prio,47,0.483000000,0.486100116,1,"0,1,2,3"
baseline,48,0.545000000,0.547550079,1,"0,1,2,3"
prio,48,0.487000000,0.489558919,1,"0,1,2,3"
baseline,49,0.541000000,0.544475424,1,"0,1,2,3"
prio,49,0.499000000,0.502094914,1,"0,1,2,3"
